{
    "name": "idm-create-post",
    "request": "POST",
    "service-location-port": ["$BLT-IDMHOST0"],
    "header": {
        "X-OpenIDM-Username": "$BLT-IDMADMINID",
        "X-OpenIDM-Password": "$BLT-IDMADMINPASSWORD",
        "Accept-API-Version": "resource=2.0, protocol=1.0",
        "X-ForgeRock-Transactionid": "$BLT-INCREMENT",
        "Content-Type": "application/json"
    },
    "url-endpoint": "/openidm/managed/user",
    "url-payload": "?_action=create",
    "data-payload": {
        "userName": "user.$BLT-THREADID.$BLT-INCREMENT",
        "givenName": "User",
        "sn": "$BLT-THREADID.$BLT-INCREMENT",
        "telephoneNumber": "123-456-7890",
        "description": "Managed user object for user.$BLT-THREADID.$BLT-INCREMENT",
        "password": "AbcD-0123$",
        "mail": "user.$BLT-THREADID.$BLT-INCREMENT@example.com",
        "_id": "user.$BLT-THREADID.$BLT-INCREMENT"
    }
}