{
    "name": "idm-update-put",
    "request": "PUT",
    "service-location-port": ["$BLT-IDMHOST0"],
    "header": {
        "X-OpenIDM-Username": "$BLT-IDMADMINID",
        "X-OpenIDM-Password": "$BLT-IDMADMINPASSWORD",
        "X-ForgeRock-Transactionid": "$BLT-INCREMENT",
        "Content-Type": "application/json"
    },
    "url-endpoint": "/openidm/managed/user/",
    "url-payload": "user.$BLT-THREADID.$BLT-INCREMENT",
    "data-payload": {
        "userName": "user.$BLT-THREADID.$BLT-INCREMENT",
        "givenName": "User",
        "sn": "$BLT-THREADID.$BLT-INCREMENT",
        "telephoneNumber": "123-456-7890",
        "description": "Updated managed user object for user.$BLT-THREADID.$BLT-INCREMENT",
        "password": "AbcD-0123$-new",
        "mail": "user.$BLT-THREADID.$BLT-INCREMENT@example.com"
    }
}