{
    "name": "workload-idm",
    "task": [
        {
            "name": "idm-create-post",
            "threshold-to-error": 0,
            "threshold-to-fail": 0
        },
        {
            "name": "idm-create-put",
            "threshold-to-error": 600,
            "threshold-to-fail": 800
        },
        {
            "name": "idm-create-put",
            "threshold-to-error": 0,
            "threshold-to-fail": 0,
            "write-file": "./bulk-task/creates"
        },
        {
            "name": "idm-read",
            "threshold-to-error": 400,
            "threshold-to-fail": 600
        },
        {
            "name": "idm-update-put",
            "threshold-to-error": 500,
            "threshold-to-fail": 700
        },
        {
            "name": "idm-query",
            "threshold-to-error": 100,
            "threshold-to-fail": 400
        },
        {
            "name": "idm-delete",
            "threshold-to-error": 0,
            "threshold-to-fail": 0
        },
        {
            "name": "idm-delete",
            "write-file": "./bulk-task/deletes"
        }
    ]
}
